Date,Arezzo&Co,B3,Klabin,Localiza,Lojas Americanas,Multiplan,Petrobras,SulAmerica,Vale
2019-08-30,49.48,14.933333,15.06,44.799999,18.666086,25.99,25.5,44.84446,45.57
2019-09-02,48.200001,14.646666,14.97,44.666664,18.53653,26.200001,25.299999,44.585297,46.009998
2019-09-03,47.599998,14.583333,14.8,44.342857,18.566427,26.040001,25.6,42.715618,45.52
2019-09-04,48.09,14.876666,15.1,44.933334,18.975029,26.299999,26.26,43.317249,46.52
2019-09-05,48.43,15.1,14.99,45.0,18.915234,26.57,26.389999,43.502365,46.52
2019-09-06,47.990002,15.3,15.0,44.599998,18.68602,26.299999,26.52,42.613808,46.450001
2019-09-09,47.93,14.606666,15.2,43.352379,18.387041,25.540001,26.93,41.419804,47.889999
2019-09-10,47.810001,14.633333,15.09,42.75238,17.799055,26.07,27.1,41.651199,48.240002
2019-09-11,49.459999,14.843333,15.22,43.476189,18.725882,27.049999,26.870001,42.511993,47.950001
2019-09-12,48.700001,14.826666,15.28,43.285713,18.795643,26.860001,27.059999,42.391666,49.689999
2019-09-13,48.099998,14.333333,15.31,41.904762,18.377075,25.950001,26.879999,42.576782,49.790001
2019-09-16,48.209999,14.356666,15.32,42.133331,18.616257,26.33,28.059999,42.549015,48.59
2019-09-17,49.080002,14.706666,15.39,42.380951,19.084654,26.959999,27.690001,42.845203,48.900002
2019-09-18,49.299999,14.973333,15.53,42.980953,19.084654,27.209999,27.219999,42.715618,48.400002
2019-09-19,49.75,14.86,15.55,43.685715,19.602879,28.17,27.290001,42.493481,48.32
2019-09-20,50.259998,15.106666,15.25,43.780952,19.632776,28.700001,27.0,42.474968,48.419998
2019-09-23,49.009998,14.953333,15.37,42.323811,19.48329,28.700001,27.48,41.651199,48.099998
2019-09-24,49.0,14.766666,15.2,41.523808,19.752367,28.57,27.27,41.123619,46.93
2019-09-25,48.919998,14.67,15.29,42.514286,19.971617,28.43,27.34,42.215805,47.860001
2019-09-26,49.490002,14.923333,15.22,42.257141,19.951685,28.700001,27.700001,42.678596,47.860001
2019-09-27,49.380001,14.793333,15.14,42.05714,19.822128,28.58,27.66,43.687481,47.66
2019-09-30,49.52,14.543333,15.39,43.295238,19.89189,28.85,27.549999,44.159531,47.75
2019-10-01,49.68,14.59,15.17,42.295238,19.652708,27.99,27.51,44.103992,47.709999
2019-10-02,51.150002,14.366666,14.94,40.666664,19.353731,27.27,26.719999,42.956272,45.099998
2019-10-03,53.0,14.533333,14.81,41.085712,19.114552,27.5,26.74,42.891479,45.439999
2019-10-04,55.52,14.85,14.9,41.761906,19.712503,28.02,26.51,43.345016,46.59
2019-10-07,56.0,14.333333,14.72,41.142857,19.493256,27.059999,26.17,43.594921,46.040001
2019-10-08,55.200001,14.433333,14.43,40.904762,19.184313,27.049999,26.02,43.039574,45.32
2019-10-09,54.799999,14.633333,14.55,41.028572,19.692572,27.530001,26.52,43.872597,45.669998
2019-10-10,54.98,14.686666,14.65,40.066666,19.62281,27.5,26.74,43.983669,47.240002
2019-10-11,55.580002,15.016666,15.29,41.238094,20.519739,27.950001,27.26,44.520508,48.639999
2019-10-14,55.169998,15.053333,15.43,41.961903,20.828682,28.389999,27.309999,45.260971,47.990002
2019-10-15,54.639999,14.836666,15.67,42.771427,21.117693,28.83,27.6,44.761158,47.91
2019-10-16,55.130001,15.066666,15.94,42.18095,21.237284,29.440001,27.93,44.344646,46.799999
2019-10-17,56.650002,15.383333,15.85,42.133331,21.037966,29.190001,27.66,44.585297,46.709999
2019-10-18,57.189999,15.48,15.77,42.790478,21.057898,29.299999,27.6,46.75116,46.029999
2019-10-21,56.91,15.63,15.73,42.476189,21.018034,29.200001,27.77,47.149158,47.209999
2019-10-22,57.799999,15.843333,15.94,42.561905,20.818716,28.93,28.57,46.908508,47.299999
2019-10-23,57.049999,16.08,16.059999,42.266666,20.868546,28.68,28.950001,46.741901,47.110001
2019-10-24,56.799999,16.206667,16.049999,39.657143,20.729023,28.629999,28.32,46.575298,46.75
2019-10-25,57.52,16.136665,15.84,39.780952,20.390184,28.559999,29.25,46.649345,48.560001
2019-10-28,57.400002,16.25,15.57,39.457142,20.400148,28.9,29.6,45.99218,48.700001
2019-10-29,57.799999,15.966666,15.46,39.457142,20.300491,28.18,29.82,45.566414,48.650002
2019-10-30,58.5,16.166666,15.63,40.885715,20.579535,29.23,30.08,45.492367,48.59
2019-10-31,59.099998,16.126665,15.93,41.12381,19.921787,29.209999,30.389999,45.186924,47.200001
2019-11-01,62.119999,16.4,16.15,41.238094,20.320421,29.040001,30.43,45.325764,48.439999
2019-11-04,60.950001,16.423332,16.68,40.238094,20.131071,29.32,30.360001,45.214691,49.82
2019-11-05,60.299999,16.433332,17.219999,40.171429,19.961651,28.540001,29.65,44.705624,49.869999
2019-11-06,60.68,16.299999,17.1,40.18095,20.42008,29.18,29.709999,45.436832,49.689999
2019-11-07,59.950001,16.466665,17.82,40.333332,20.260628,29.469999,30.9,46.177299,50.110001
2019-11-08,59.5,16.233334,17.58,39.571426,19.363697,28.76,30.02,47.010323,49.18
2019-11-11,59.900002,16.700001,18.01,40.12381,19.802197,29.120001,30.450001,47.61195,48.130001
2019-11-12,58.950001,16.4,17.85,39.323811,19.433458,28.790001,30.02,47.121391,47.900002
2019-11-13,59.400002,16.51,17.5,39.200001,19.493256,28.57,29.9,46.621578,47.119999
2019-11-14,60.669998,16.6,17.559999,39.761906,19.921787,29.360001,29.299999,47.260227,47.0
2019-11-18,60.279999,16.346666,17.719999,39.190475,19.612844,29.309999,29.08,46.908508,47.610001
2019-11-19,60.009998,15.98,17.530001,39.066666,19.901855,28.709999,28.780001,47.648975,48.169998
2019-11-21,63.139999,16.293333,17.6,41.257141,20.330387,29.549999,29.85,47.065857,48.419998
2019-11-22,64.699997,16.496666,17.57,42.161903,20.270594,29.5,29.98,47.676743,50.029999
2019-11-25,63.0,15.923333,17.610001,41.961903,20.529705,29.24,29.73,48.65786,50.860001
2019-11-26,62.700001,15.5,17.43,41.44762,20.400148,28.5,29.190001,48.250603,51.220001
2019-11-27,62.200001,15.816666,17.879999,41.209522,21.237284,28.5,29.33,48.491253,50.580002
2019-11-28,62.279999,16.049999,17.65,42.619045,21.904997,29.040001,29.530001,49.278,50.369999
2019-11-29,62.5,15.906666,17.540001,42.895237,22.203974,28.92,29.15,48.85223,49.98
2019-12-02,62.599998,15.866666,17.99,42.438095,22.652437,29.34,29.07,49.962929,51.34
2019-12-03,64.43,16.036667,18.07,42.704762,22.921516,29.219999,28.98,50.194324,50.419998
2019-12-04,64.599998,16.459999,17.969999,42.285713,23.041107,29.780001,29.66,49.583443,50.919998
2019-12-05,65.400002,16.416666,18.200001,42.895237,22.96138,30.209999,30.049999,48.741161,50.950001
2019-12-06,68.099998,16.366667,18.389999,43.523808,24.585817,30.530001,30.35,49.583443,51.349998
2019-12-09,68.5,15.883333,18.08,42.990475,24.984453,30.49,30.209999,48.648602,51.439999
2019-12-10,66.599998,15.596666,18.280001,42.333332,24.85,30.549999,30.440001,47.426834,51.200001
2019-12-11,66.0,15.4,18.559999,43.438095,24.700001,30.450001,30.4,48.389439,51.830002
2019-12-12,65.629997,15.563333,18.75,44.55238,26.190001,30.799999,30.969999,49.51865,52.950001
2019-12-13,65.599998,15.466666,18.84,44.599998,26.74,30.85,29.98,49.546417,53.759998
2019-12-16,64.699997,15.406666,18.66,45.238094,26.5,31.08,29.41,50.351673,53.34
2019-12-17,64.5,15.93,18.809999,45.047619,25.870001,30.73,29.85,50.499767,53.419998
2019-12-18,64.0,16.186666,18.790001,46.028572,25.700001,31.1,30.540001,50.71265,53.470001
2019-12-19,64.739998,16.186666,19.01,46.571426,25.85,31.66,30.610001,52.036232,54.0
2019-12-20,64.739998,16.366667,18.74,45.542858,26.139999,32.009998,30.26,52.258373,54.790001
2019-12-23,65.800003,15.623333,18.4,46.799999,26.4,32.169998,30.5,52.822979,54.580002
2019-12-26,64.769997,15.55,18.52,48.259998,26.65,33.27,30.91,53.683769,54.790001
2019-12-27,63.98,14.736666,18.280001,47.959999,26.09,33.040001,30.52,53.878143,53.599998
2019-12-30,64.0,14.323333,18.49,47.41,25.91,33.099998,30.18,55.849632,53.299999
2020-01-02,63.91,15.036666,18.49,49.619999,26.799999,33.549999,30.700001,57.126938,54.330002
2020-01-03,63.0,14.603333,18.940001,48.900002,26.85,33.549999,30.450001,59.246517,53.93
2020-01-06,62.610001,14.463333,19.110001,48.330002,26.540001,33.490002,30.809999,59.487171,53.610001
2020-01-07,62.900002,14.93,19.17,48.799999,26.01,33.580002,30.690001,58.320938,54.0
2020-01-08,62.0,14.89,19.379999,48.560001,25.82,33.709999,30.5,57.904427,54.009998
2020-01-09,61.299999,14.883333,19.26,48.82,26.52,33.5,30.4,59.857403,53.299999
2020-01-10,60.860001,14.766666,19.76,47.849998,26.469999,33.150002,30.27,59.820381,53.360001
2020-01-13,62.799999,14.783333,20.24,48.0,26.99,33.5,30.33,58.163589,55.299999
2020-01-14,63.0,14.883333,20.92,48.200001,27.870001,34.0,30.0,58.681915,55.639999
2020-01-15,62.68,14.483333,20.67,48.209999,27.5,33.970001,29.549999,59.237263,55.459999
2020-01-16,62.5,14.65,20.639999,49.150002,27.85,34.150002,29.52,58.654148,55.169998
2020-01-17,62.82,15.113333,20.74,49.490002,28.33,34.560001,29.85,59.774101,57.0
2020-01-20,63.189999,15.166666,20.870001,49.599998,29.01,34.48,30.0,61.162476,57.360001
2020-01-21,66.029999,14.9,20.860001,49.200001,29.01,34.25,29.620001,61.227264,56.029999
2020-01-22,64.709999,15.833333,21.43,49.830002,28.52,34.73,29.290001,61.902939,56.299999
2020-01-23,63.700001,16.233334,21.83,51.740002,29.059999,35.52,29.65,62.03252,55.5
2020-01-24,63.790001,16.33,21.67,51.41,28.950001,35.130001,29.299999,61.449406,53.799999
2020-01-27,62.689999,15.883333,20.98,51.439999,28.219999,34.080002,28.030001,59.218754,50.509998
2020-01-28,63.639999,16.360001,20.860001,52.900002,28.469999,34.650002,28.799999,59.709309,51.200001
2020-01-29,64.239998,16.200001,21.059999,54.25,28.4,35.029999,28.85,59.237263,50.75
2020-01-30,62.84,16.266666,20.65,53.830002,27.709999,35.009998,28.940001,57.395355,51.5
2020-01-31,60.299999,16.066666,20.92,53.630001,27.549999,34.68,28.450001,58.598614,50.27
2020-02-03,61.389999,16.696667,20.549999,54.459999,27.299999,35.220001,28.18,58.487541,50.91
2020-02-04,62.0,16.653334,20.959999,55.0,27.799999,35.18,28.629999,57.136192,52.27
2020-02-05,62.740002,16.450001,21.059999,55.52,27.450001,34.77,28.389999,57.756332,52.990002
2020-02-06,61.0,16.23,21.26,53.84,26.690001,33.779999,29.18,57.182472,53.279999
2020-02-07,60.68,16.1,20.6,52.93,26.200001,33.240002,28.93,55.49791,52.099998
2020-02-10,58.48,16.209999,20.530001,52.32,25.99,32.700001,29.129999,53.720795,50.189999
2020-02-11,59.689999,16.299999,20.82,54.099998,27.110001,33.66,29.48,56.192097,52.049999
2020-02-12,61.799999,16.626665,21.940001,55.48,27.290001,34.0,30.129999,57.219494,53.07
2020-02-13,63.630001,16.526667,21.75,55.02,27.59,33.439999,29.719999,56.867771,52.139999
2020-02-14,62.5,16.733334,21.26,55.0,27.120001,33.540001,29.42,56.673401,51.0
2020-02-17,63.82,17.23,21.08,55.23,27.43,33.200001,29.360001,56.247635,53.41
2020-02-18,64.879997,17.043333,20.99,55.299999,27.238821,33.82,29.75,56.312424,52.799999
2020-02-19,65.68,17.709999,21.219999,55.049999,27.159,34.07,30.549999,57.275028,52.810001
2020-02-20,65.559998,17.436666,21.08,54.720001,26.779852,33.599998,29.92,55.877399,52.200001
2020-02-21,64.209999,17.35,22.02,54.400002,28.835236,33.799999,29.139999,55.340561,50.130001
2020-02-27,59.880001,15.346666,19.9,49.349998,25.971666,30.690001,25.299999,50.879257,44.470001
2020-02-28,60.099998,16.0,19.33,49.540001,26.54039,30.52,25.34,48.85223,44.310001
2020-03-02,59.849998,16.666666,20.43,49.849998,26.590279,31.68,26.530001,48.352417,46.360001
2020-03-03,58.560001,16.536667,20.75,49.66,27.029291,31.219999,26.049999,48.787441,46.349998
2020-03-04,58.0,16.596666,22.09,50.799999,27.637924,32.240002,26.889999,48.528278,48.57
2020-03-05,56.799999,15.703333,21.719999,48.25,25.881868,30.219999,25.290001,46.519764,46.849998
2020-03-06,56.5,15.493333,21.280001,45.049999,23.796553,29.459999,22.83,44.492737,44.610001
2020-03-09,51.57,13.633333,19.59,39.799999,21.860901,26.889999,16.049999,38.883709,37.830002
2020-03-10,55.709999,15.333333,19.709999,41.950001,23.497225,28.030001,17.559999,42.243572,44.810001
2020-03-11,52.790001,14.183333,18.200001,38.959999,21.601482,25.969999,15.85,38.133987,40.740002
2020-03-12,45.139999,12.296666,15.8,33.0,17.700245,22.440001,12.6,32.395378,35.349998
2020-03-13,48.869999,13.626666,16.16,36.0,21.421886,23.85,15.4,35.634914,42.900002
2020-03-16,42.0,11.43,13.7,27.5,17.450806,18.51,13.09,29.387236,39.040001
2020-03-17,42.0,11.846666,14.28,27.700001,18.358767,19.5,13.0,28.304304,41.509998
2020-03-18,35.0,10.933333,12.81,23.870001,16.133762,17.200001,11.29,24.527929,38.650002
2020-03-19,37.5,10.836666,14.08,26.08,16.303383,19.98,12.21,26.564211,36.400002
2020-03-20,35.240002,10.813333,13.05,27.549999,17.570536,19.030001,12.0,28.008118,35.189999
2020-03-23,33.540001,10.15,13.51,24.1,17.450806,17.51,11.5,26.952955,34.099998
2020-03-24,35.200001,12.103333,13.47,27.18,19.246771,20.540001,13.25,30.183237,37.639999
2020-03-25,41.049999,12.93,13.88,34.470001,19.985113,23.09,14.32,33.283936,40.849998
2020-03-26,42.150002,12.88,14.13,34.689999,20.803274,23.809999,14.39,35.62566,42.0
2020-03-27,39.630001,12.303333,14.98,31.32,18.95742,21.309999,13.3,33.320961,40.099998
2020-03-30,37.450001,12.333333,15.73,28.700001,18.997332,20.950001,13.38,33.089565,41.77
2020-03-31,36.869999,11.966666,16.219999,26.299999,17.959661,19.08,13.99,31.284679,43.220001
2020-04-01,36.099998,11.55,15.75,23.700001,17.909775,18.530001,14.3,31.784494,43.369999
2020-04-02,36.09,12.266666,16.85,26.139999,18.50843,18.620001,15.51,32.904449,42.779999
2020-04-03,33.029999,11.95,16.610001,23.309999,17.400917,18.139999,15.34,31.756725,40.5
2020-04-06,37.5,12.403333,16.49,28.0,19.456301,19.68,15.77,35.616405,43.130001
2020-04-07,38.889999,12.833333,16.1,29.219999,20.414148,20.120001,16.4,36.764126,43.779999
2020-04-08,39.57,13.103333,16.24,31.9,21.840944,20.17,17.32,37.717476,43.509998
2020-04-09,37.599998,13.003333,16.0,30.15,21.252268,19.559999,16.82,36.375381,43.279999
2020-04-13,36.549999,13.113333,16.200001,29.75,20.643635,19.700001,16.93,37.717476,44.57
2020-04-14,37.400002,13.186666,16.49,30.49,20.972895,19.6,16.73,40.984779,44.529999
2020-04-15,38.380001,13.306666,16.120001,30.120001,21.48175,19.040001,16.379999,40.457199,43.189999
2020-04-16,40.099998,13.103333,15.94,29.559999,22.319868,18.799999,15.72,39.198406,42.759998
2020-04-17,42.299999,13.176666,15.85,32.029999,21.701258,20.950001,16.129999,40.290596,44.0
2020-04-20,44.93,13.53,15.95,34.0,22.778837,21.6,15.95,42.391666,42.459999
2020-04-22,47.790001,14.003333,16.530001,36.5,25.113594,23.200001,16.75,44.057716,42.900002
2020-04-23,44.470001,13.75,16.959999,34.98,24.405186,22.98,16.950001,41.817806,43.509998
2020-04-24,42.990002,12.333333,17.0,32.98,22.449577,20.58,15.95,40.753387,43.759998
2020-04-27,42.599998,13.076666,18.01,33.5,23.946217,21.059999,16.450001,41.604923,44.549999
2020-04-28,45.59,13.266666,17.940001,35.200001,25.133551,21.76,17.25,43.382038,44.610001
2020-04-29,46.080002,13.3,17.48,36.150002,25.71225,22.370001,18.200001,44.094738,46.73
2020-04-30,42.5,12.806666,17.809999,34.189999,24.824244,20.889999,18.049999,41.512363,44.860001
2020-05-04,40.900002,12.793333,17.780001,33.41,25.203394,19.98,17.379999,39.707478,43.93
2020-05-05,41.599998,12.913333,18.700001,33.630001,25.482765,19.690001,17.940001,40.707108,43.700001
2020-05-06,42.830002,12.813333,18.58,32.5,27.358553,19.299999,17.280001,41.317989,44.330002
2020-05-07,41.66,12.283333,20.459999,29.77,26.739943,18.440001,17.440001,40.697849,46.049999
2020-05-08,41.700001,12.586666,21.49,29.65,26.839718,18.84,18.48,40.179523,48.849998
2020-05-11,42.299999,12.266666,21.66,28.1,26.211128,18.379999,18.15,38.735619,47.73
2020-05-12,40.450001,11.91,21.6,27.51,26.161242,17.99,18.139999,37.652683,47.459999
2020-05-13,39.389999,12.053333,23.309999,27.309999,27.149023,18.200001,17.59,37.652683,48.540001
2020-05-14,38.330002,12.606666,22.34,29.290001,27.109112,18.67,17.4,35.0518,48.09
2020-05-15,38.75,13.18,21.73,30.200001,26.45059,18.1,17.15,34.200264,48.049999
2020-05-18,39.650002,13.996666,20.0,33.509998,26.829741,19.389999,18.540001,36.097706,51.259998
2020-05-19,41.689999,13.573333,20.040001,35.07,27.747679,19.67,18.68,37.00478,52.299999
2020-05-20,40.5,13.546666,19.85,35.299999,26.779852,20.620001,19.299999,37.634174,52.5
2020-05-21,43.619999,14.54,19.07,36.290001,26.789829,21.700001,19.190001,39.494595,51.130001
2020-05-22,41.709999,14.626666,19.200001,36.189999,25.293192,21.190001,18.67,38.180267,50.27
2020-05-25,42.799999,15.5,18.98,36.700001,25.692295,22.639999,19.48,40.031433,50.099998
2020-05-26,41.540001,15.5,18.799999,36.880001,26.839718,21.780001,19.67,40.808922,49.200001
2020-05-27,43.900002,15.53,19.790001,39.099998,28.835236,22.540001,19.93,40.734875,50.639999
2020-05-28,43.59,15.316666,19.49,37.32,28.64566,21.299999,19.77,40.716362,50.09
2020-05-29,42.099998,15.183333,19.559999,38.48,28.186691,20.690001,20.34,41.373528,53.0
2020-06-01,42.799999,15.176666,19.48,37.610001,29.234339,22.280001,20.33,42.308365,53.419998
2020-06-02,47.0,15.486666,19.709999,38.25,29.862926,22.709999,21.4,42.576782,53.419998
2020-06-03,46.740002,16.273333,19.48,41.02,30.162254,23.559999,21.469999,43.687481,53.66
2020-06-04,45.360001,16.526667,19.709999,40.0,30.321898,22.99,21.43,43.317249,55.66
2020-06-05,46.099998,16.356667,19.059999,40.84,29.633444,23.09,22.1,42.761898,54.610001
2020-06-08,47.299999,17.24,19.6,43.200001,29.733219,22.85,22.530001,42.854458,54.779999
2020-06-09,46.700001,17.023333,19.68,42.900002,30.182211,23.93,21.719999,42.410179,54.990002
2020-06-10,44.880001,16.913334,19.549999,41.099998,30.561359,22.700001,21.4,41.715992,54.200001
2020-06-12,43.709999,16.616667,19.24,40.290001,31.229856,22.0,20.6,41.429062,53.400002
2020-06-15,44.279999,16.503332,19.35,40.700001,31.728737,21.68,20.700001,40.309105,53.880001
2020-06-16,43.0,16.5,19.110001,40.169998,31.489275,21.42,21.370001,39.022549,55.389999
2020-06-17,44.139999,17.066666,19.549999,40.830002,32.62672,22.59,21.440001,38.874454,56.200001
2020-06-18,43.950001,16.786667,20.08,41.209999,33.32515,21.809999,21.6,40.484966,56.169998
2020-06-19,44.580002,17.0,20.51,41.900002,32.856205,22.030001,21.469999,41.706738,55.169998
2020-06-22,46.290001,16.776667,20.360001,41.240002,32.42717,22.0,20.950001,41.308735,55.0
2020-06-23,47.669998,17.426666,19.969999,41.759998,32.616741,21.91,21.65,41.280968,55.59
2020-06-24,45.439999,17.549999,20.5,40.98,31.728737,21.4,21.0,40.96627,55.389999
2020-06-25,47.900002,18.333332,20.459999,41.450001,32.327393,21.299999,21.469999,43.011806,56.0
2020-06-26,46.290001,17.816666,20.51,40.25,31.060238,20.23,20.84,42.215805,55.619999
2020-06-29,47.450001,18.32,20.24,41.209999,31.928289,20.719999,21.66,42.530502,55.630001
2020-06-30,47.900002,18.363333,20.68,40.91,32.107883,20.5,21.549999,41.715992,55.919998
2020-07-01,47.990002,18.676666,20.799999,42.349998,32.516968,20.950001,21.709999,42.947018,54.540001
2020-07-02,48.330002,18.733334,20.719999,42.389999,31.130081,20.75,22.059999,42.761898,55.490002
2020-07-03,48.75,18.833332,20.870001,42.700001,30.930531,21.35,21.98,44.946274,55.259998
2020-07-06,50.0,18.84,20.639999,43.25,32.526943,22.799999,22.51,44.483482,56.57
2020-07-07,50.869999,19.056665,20.59,44.009998,31.678848,22.4,22.23,43.983669,56.369999
2020-07-08,51.93,20.216665,21.0,44.419998,32.048019,22.85,22.65,43.807808,57.32
2020-07-09,52.099998,19.629999,20.639999,43.330002,35.290737,23.370001,22.139999,43.502365,56.419998
2020-07-10,52.299999,19.983334,20.450001,43.540001,35.081207,23.4,22.51,44.113251,56.970001
2020-07-13,52.970001,19.963333,20.02,42.099998,34.073471,22.92,22.16,43.483852,57.650002
2020-07-14,52.5,20.379999,20.4,43.900002,34.57235,22.870001,22.9,44.066971,61.700001
2020-07-15,52.959999,20.629999,20.959999,44.740002,35.220894,22.75,23.34,43.456085,61.790001
2020-07-16,53.5,20.5,20.68,44.59,34.642193,22.530001,22.719999,43.113621,60.119999
2020-07-17,52.549999,21.296665,20.940001,45.950001,35.320667,22.77,22.74,45.37204,61.040001
2020-07-20,55.299999,22.466665,21.27,46.209999,35.250828,23.190001,22.74,47.56567,60.799999
2020-07-21,54.759998,22.043333,20.99,46.889999,35.560131,23.030001,23.370001,47.213951,59.700001
2020-07-22,53.889999,22.233334,21.129999,46.389999,36.517979,22.17,23.049999,47.3713,59.240002
2020-07-23,51.849998,21.84,21.360001,45.880001,35.679863,21.809999,22.57,46.547531,58.849998
2020-07-24,51.299999,21.783333,21.549999,44.700001,35.450378,21.370001,22.73,46.99181,58.599998
2020-07-27,50.799999,22.076666,21.440001,45.41,34.991409,21.26,23.200001,46.436462,61.369999
2020-07-28,50.5,21.743334,21.190001,44.889999,34.642193,21.59,22.799999,45.899624,60.34
2020-07-29,52.139999,21.543333,21.049999,45.07,34.74197,21.9,23.17,47.602695,62.950001
2020-07-30,51.990002,21.536667,21.290001,49.959999,34.941521,21.6,22.82,47.065857,61.27
2020-07-31,52.759998,21.146666,20.77,50.919998,34.023582,21.139999,22.200001,47.093624,60.709999
2020-08-03,53.400002,21.296665,20.870001,50.290001,34.312935,20.58,21.799999,46.32539,60.259998
2020-08-04,51.599998,21.073334,20.85,49.900002,34.023582,20.299999,21.780001,46.408691,60.700001
2020-08-05,53.060001,21.166666,22.75,51.009998,34.11338,21.93,23.18,47.001064,62.189999
2020-08-06,54.799999,21.35,23.32,51.630001,34.472572,23.610001,23.219999,47.093624,61.830002
2020-08-07,54.799999,20.85,23.07,50.810001,34.412708,22.799999,22.790001,45.723763,60.450001
2020-08-10,53.970001,20.75,23.299999,50.91,33.903851,22.780001,23.450001,45.446087,62.200001
2020-08-11,55.720001,20.280001,23.959999,50.790001,34.592304,23.690001,23.08,45.760784,60.279999
2020-08-12,54.91,20.5,24.52,50.450001,35.061253,23.42,23.48,44.307621,61.5
2020-08-13,55.5,20.216665,25.25,49.02,35.220894,22.030001,22.84,43.548645,60.349998
2020-08-14,55.5,20.190001,25.15,49.580002,34.163269,22.67,22.67,44.057716,61.349998
2020-08-17,52.869999,19.366667,25.77,47.720001,33.04578,21.85,22.6,43.437572,62.23
2020-08-18,56.139999,20.6,25.870001,49.599998,33.604523,21.84,23.02,44.853714,63.060001
2020-08-19,54.0,19.856667,25.77,49.009998,32.676609,21.559999,22.889999,42.956272,62.389999
2020-08-20,53.130001,20.780001,26.18,49.939999,32.906094,22.4,22.73,43.270969,62.950001
2020-08-21,53.200001,20.323334,26.110001,48.970001,32.946003,22.15,22.559999,42.761898,62.200001
2020-08-24,53.0,20.299999,26.58,49.040001,32.726498,22.09,22.969999,42.447201,62.959999
2020-08-25,54.0,20.616667,26.129999,49.169998,32.926048,21.629999,22.870001,42.160271,61.619999
2020-08-26,54.169998,20.166666,26.18,48.419998,32.048019,21.51,22.219999,41.373528,61.75
2020-08-27,54.799999,20.093332,26.08,49.110001,32.287483,21.5,22.15,40.836689,60.790001
2020-08-28,57.060001,20.34,26.17,50.0,33.135578,21.610001,22.540001,41.466084,61.099998
2020-08-31,56.119999,19.6,25.75,48.23,32.197685,20.82,21.889999,40.401665,59.68
2020-09-01,58.869999,20.016666,26.09,50.400002,32.926048,22.07,22.870001,40.901478,61.759998
2020-09-02,59.389999,19.99,25.389999,51.049999,32.487034,21.950001,22.799999,40.882969,61.32
2020-09-03,58.169998,19.273333,25.1,50.689999,30.790842,21.67,22.879999,40.63306,59.32
2020-09-04,58.830002,19.443333,25.01,50.75,30.770887,22.25,22.92,40.799664,60.490002
2020-09-08,58.619999,19.013332,24.43,53.73,30.900597,23.15,22.26,40.262829,59.27
2020-09-09,60.220001,19.42,24.84,54.869999,30.840731,22.799999,22.73,40.253571,60.0
2020-09-10,56.959999,18.666666,24.530001,51.919998,30.082434,22.32,22.120001,38.874454,58.529999
2020-09-11,55.75,18.673332,24.200001,50.540001,29.423912,21.77,21.879999,38.337616,61.950001
2020-09-14,57.169998,19.576666,24.719999,52.830002,31.080193,22.700001,21.68,38.763386,61.91
2020-09-15,57.549999,19.093332,25.5,52.82,31.189947,22.59,21.67,38.208035,62.599998
2020-09-16,56.709999,19.006666,25.07,52.68,30.810799,23.120001,21.73,38.180267,60.970001
2020-09-17,56.200001,18.893333,25.41,52.950001,30.042524,22.91,22.15,38.189522,62.080002
2020-09-18,54.5,18.709999,25.309999,52.700001,29.334114,22.07,21.65,37.15287,61.66
2020-09-21,54.099998,18.700001,24.780001,50.810001,29.423912,21.440001,20.9,37.930359,60.0
2020-09-22,55.150002,19.120001,24.33,51.740002,29.074697,21.360001,20.799999,37.86557,57.810001
2020-09-23,53.650002,18.629999,24.26,58.970001,28.805304,20.809999,20.23,37.467567,59.099998
2020-09-24,53.900002,19.656666,24.43,57.990002,28.815281,20.74,20.4,38.161755,58.66
2020-09-25,54.540001,19.116667,24.549999,59.0,28.974922,20.120001,20.129999,38.263569,59.25
2020-09-28,52.900002,18.336666,23.809999,56.650002,27.737701,19.42,19.629999,36.828918,58.779999
2020-09-29,53.349998,17.883333,24.0,56.790001,28.306423,19.209999,19.309999,36.458683,58.349998
2020-09-30,54.34,18.336666,23.799999,56.669998,28.326378,19.43,19.610001,36.53273,59.110001
2020-10-01,55.43,18.176666,24.32,57.119999,29.264273,20.549999,19.85,38.041431,58.860001
2020-10-02,54.93,17.753332,23.879999,56.700001,28.52593,20.26,19.02,37.86557,58.32
2020-10-05,56.290001,18.583332,24.27,57.25,28.396221,20.68,20.030001,38.041431,59.59
2020-10-06,55.369999,17.92,24.059999,57.310001,28.476042,21.15,19.93,38.115475,58.619999
2020-10-07,55.580002,17.903334,24.440001,56.889999,27.667856,21.6,19.790001,37.661942,60.169998
2020-10-08,56.799999,18.283333,24.889999,59.959999,27.637924,21.59,20.440001,37.902592,61.290001
2020-10-09,54.860001,18.236666,24.18,60.150002,27.139046,21.360001,19.799999,37.263943,61.599998
2020-10-13,54.75,18.266666,24.66,59.369999,27.737701,21.15,20.129999,37.680454,62.139999
2020-10-14,54.709999,18.793333,24.450001,61.689999,27.188932,21.17,19.969999,37.856312,63.0
2020-10-15,53.790001,18.536667,24.82,62.380001,27.757656,21.200001,19.75,37.310219,62.470001
2020-10-16,53.73,18.113333,25.809999,62.27,27.298687,20.9,19.33,37.00478,62.240002
2020-10-19,54.630001,18.713333,25.18,61.68,27.438374,21.059999,19.52,37.837803,61.950001
2020-10-20,55.099998,19.299999,25.5,64.470001,27.338596,21.18,20.18,38.800407,61.84
2020-10-21,54.18,19.123333,25.200001,62.889999,26.520435,21.969999,20.16,39.624176,62.849998
2020-10-22,52.57,18.690001,25.35,64.0,25.961691,21.59,20.84,39.050316,63.099998
2020-10-23,61.0,18.266666,25.5,62.560001,25.831982,21.209999,20.57,38.189522,63.450001
2020-10-26,62.16,18.326666,25.200001,62.889999,26.071444,20.299999,20.25,38.328362,62.5
2020-10-27,61.25,17.583332,24.780001,64.57,25.79207,20.09,19.879999,38.133987,62.529999
2020-10-28,60.200001,17.110001,23.950001,62.549999,24.664602,19.02,18.67,37.273197,60.259998
2020-10-29,62.130001,17.66,23.84,62.560001,24.63467,19.1,19.290001,36.893707,62.02
2020-10-30,60.299999,17.016666,23.790001,60.68,23.177942,18.969999,18.940001,36.62529,60.549999
2020-11-03,59.799999,16.99,24.219999,63.77,23.716732,18.65,19.65,36.162498,63.34
2020-11-04,64.089996,18.033333,23.889999,66.300003,24.894087,19.389999,19.719999,37.00478,61.580002
2020-11-05,64.139999,18.870001,24.059999,67.879997,25.203394,20.709999,19.889999,38.365383,62.549999
2020-11-06,63.209999,18.873333,23.780001,68.0,24.96393,21.5,19.75,38.559757,63.189999
2020-11-09,64.949997,17.950001,23.889999,66.099998,25.213369,24.52,21.610001,38.43943,63.189999
2020-11-10,65.699997,18.033333,23.190001,66.32,25.053728,24.040001,23.08,39.587151,63.16
2020-11-11,65.489998,18.466665,23.09,66.220001,24.365274,23.629999,22.879999,38.698593,63.599998
2020-11-12,64.150002,17.926666,23.48,65.449997,23.876373,22.99,21.91,37.53236,62.669998
2020-11-13,67.989998,17.9,24.48,67.0,23.996103,22.450001,22.629999,38.874454,63.25
2020-11-16,70.419998,17.799999,24.23,66.82,23.527159,22.719999,23.290001,39.707478,64.919998
2020-11-17,69.220001,17.85,23.799999,66.0,23.816507,23.09,23.690001,39.77227,66.970001
2020-11-18,68.699997,18.016666,23.799999,64.489998,24.335342,22.120001,23.549999,38.633804,66.449997
2020-11-19,69.209999,18.440001,23.360001,65.480003,24.205633,22.0,23.82,38.606033,67.720001
2020-11-23,71.879997,18.030001,23.43,65.360001,23.646889,21.93,25.1,38.892967,71.290001
2020-11-24,71.93,18.566666,23.530001,65.599998,23.656866,23.5,26.219999,39.809292,74.800003
2020-11-25,71.519997,18.870001,23.34,65.75,23.597,23.74,26.25,40.540501,75.5
2020-11-26,71.199997,19.0,24.09,65.440002,23.646889,23.440001,25.82,40.947758,76.57
2020-11-27,71.0,18.966665,25.01,66.440002,23.587023,23.5,25.5,41.133209,78.440002
2020-11-30,69.449997,18.709999,25.01,67.220001,22.878614,22.67,24.9,40.23737,78.0
2020-12-01,69.160004,18.926666,25.559999,65.449997,22.93848,24.040001,25.6,40.859741,81.25
2020-12-02,70.849998,19.866667,24.91,65.57,22.968412,24.4,25.91,41.453827,79.839996
2020-12-03,69.410004,19.629999,24.23,68.089996,23.597,25.15,26.639999,41.774441,78.959999
2020-12-04,70.900002,19.59,24.18,67.019997,25.253281,24.76,27.530001,41.548126,81.980003
2020-12-07,70.190002,19.486666,24.309999,64.959999,25.38299,24.9,27.0,40.642853,82.949997
2020-12-08,70.139999,19.373333,23.870001,65.959999,25.38299,24.49,26.66,40.407108,82.900002
2020-12-09,69.949997,18.883333,23.719999,63.869999,24.285454,24.84,26.940001,39.963902,82.699997
2020-12-10,69.599998,19.403334,23.809999,63.529999,24.924021,25.950001,27.82,41.91589,85.0
2020-12-11,69.610001,19.613333,23.82,63.700001,23.557091,25.02,27.57,42.472256,84.860001
2020-12-14,70.18,19.426666,23.950001,63.290001,23.457314,25.059999,27.620001,42.293087,83.550003
2020-12-15,70.419998,19.626665,24.4,64.699997,25.213369,25.059999,27.85,42.019619,84.5
2020-12-16,70.839996,20.183332,24.75,65.959999,25.562586,25.299999,28.190001,42.575981,86.220001
2020-12-17,70.220001,20.15,25.01,67.129997,26.141287,24.91,28.24,42.189358,87.199997
2020-12-18,68.440002,19.933332,25.639999,66.709999,25.472788,24.370001,28.1,41.708431,87.800003
2020-12-21,67.959999,19.666666,24.92,65.739998,24.874132,23.799999,27.02,41.218079,86.860001
2020-12-22,67.900002,20.093332,25.68,64.879997,24.824244,23.24,27.280001,40.444828,86.940002
2020-12-23,67.459999,19.996666,25.139999,66.599998,25.103617,23.74,27.950001,40.623997,87.360001
2020-12-28,68.599998,20.5,25.440001,66.699997,26.0016,24.26,28.18,40.793732,87.309998
2020-12-29,68.139999,20.606667,25.57,67.059998,26.151264,23.360001,28.27,42.236507,87.07
2020-12-30,68.18,20.66,26.549999,68.949997,26.231085,23.530001,28.34,41.585842,87.449997
2021-01-04,68.0,20.326666,26.049999,67.779999,25.442856,22.549999,28.91,40.293949,91.459999
2021-01-05,66.959999,20.366667,25.870001,67.379997,24.93,22.58,30.040001,40.16193,93.0
2021-01-06,63.0,20.033333,26.360001,63.5,23.469999,21.620001,30.1,39.31324,96.050003
2021-01-07,62.919998,20.593332,27.76,66.510002,23.18,21.6,31.0,38.709724,102.32
2021-01-08,64.099998,20.896666,28.889999,71.0,23.84,22.379999,31.120001,40.293949,102.0
2021-01-11,63.099998,20.036667,29.5,69.620003,23.379999,21.42,30.860001,39.992191,101.980003
2021-01-12,63.810001,20.616667,29.690001,71.080002,23.66,21.639999,30.629999,40.001621,99.190002
2021-01-13,63.799999,20.700001,28.879999,71.050003,23.6,21.48,29.15,40.21851,96.220001
2021-01-14,66.209999,20.553333,28.42,73.93,23.98,21.940001,29.450001,40.397678,97.800003
2021-01-15,67.410004,19.940001,28.889999,70.709999,24.299999,21.35,28.120001,39.765873,93.550003
2021-01-18,68.709999,20.266666,29.290001,70.690002,24.370001,21.42,28.07,39.35096,94.309998
2021-01-19,70.25,20.196667,29.190001,68.800003,24.65,21.190001,28.690001,38.756874,94.059998
2021-01-20,70.0,20.0,29.209999,69.57,25.65,20.959999,28.209999,38.568275,92.32
2021-01-21,70.0,19.366667,29.09,67.910004,25.290001,20.59,27.549999,38.228802,93.360001
2021-01-22,69.480003,19.516666,28.51,67.510002,24.77,20.379999,27.09,37.766735,93.169998
2021-01-26,69.010002,19.766666,29.290001,65.959999,24.35,20.51,27.0,37.804455,91.75
2021-01-27,71.029999,19.67,28.700001,64.980003,24.450001,20.43,27.4,38.021343,89.199997
2021-01-28,72.589996,20.43,28.290001,67.239998,24.85,21.799999,27.76,38.681435,91.099998
2021-01-29,70.57,19.933332,27.9,63.880001,24.09,21.200001,26.690001,38.181652,87.949997
2021-02-01,71.900002,20.416666,28.280001,63.950001,23.93,21.309999,27.530001,37.314102,91.269997
2021-02-02,72.5,20.896666,28.040001,67.510002,25.25,21.299999,28.66,37.116074,87.660004
2021-02-03,72.5,20.986666,28.43,68.800003,25.25,22.5,28.940001,38.162792,90.43
2021-02-04,74.510002,20.813334,28.139999,69.599998,24.809999,22.129999,28.82,37.323532,89.290001
2021-02-05,74.0,21.15,28.450001,68.870003,24.799999,21.84,28.84,37.823315,92.690002
2021-02-08,74.559998,20.836666,27.940001,69.260002,24.52,21.6,28.110001,37.521561,94.010002
2021-02-09,75.050003,20.74,27.940001,68.519997,24.27,21.379999,27.540001,36.776596,94.25
2021-02-10,74.0,20.016666,27.92,67.349998,23.82,21.25,27.799999,36.078785,94.699997
2021-02-11,74.529999,20.106667,28.030001,66.959999,24.299999,21.35,28.08,36.173084,93.099998
2021-02-12,76.0,19.953333,28.02,66.900002,24.610001,21.389999,28.440001,35.682728,93.889999
2021-02-18,75.5,19.34,29.02,64.610001,23.82,20.93,29.27,35.380974,97.400002
2021-02-19,77.0,19.35,29.23,65.099998,24.15,20.67,27.33,34.909477,97.769997
2021-02-22,77.279999,18.58,30.9,61.09,28.950001,20.139999,21.67,34.654869,95.349998
2021-02-23,75.330002,18.446667,30.83,61.299999,27.23,20.1,24.059999,34.079647,96.949997
2021-02-24,74.559998,18.540001,31.24,60.540001,26.6,19.870001,24.4,34.305965,97.93
2021-02-25,72.309998,18.296665,29.98,59.860001,26.01,20.08,23.190001,32.929199,95.709999
2021-02-26,71.32,18.1,29.870001,58.0,24.91,19.68,22.24,31.165808,94.519997
2021-03-01,71.199997,18.116667,30.9,59.16,24.68,19.379999,22.0,31.062078,98.57
2021-03-02,71.830002,18.67,30.49,58.599998,24.25,19.790001,21.99,31.13752,101.599998
2021-03-03,70.900002,18.863333,30.120001,58.82,23.91,19.85,21.190001,30.722603,100.349998
2021-03-04,73.0,18.496666,29.889999,60.919998,24.559999,20.42,22.219999,30.496286,98.860001
2021-03-05,78.489998,18.83,30.860001,60.830002,23.92,21.379999,22.389999,31.646732,100.209999
2021-03-08,72.360001,17.563334,29.51,55.119999,22.27,20.5,21.1,30.06251,99.669998
2021-03-09,70.669998,17.833332,30.459999,55.580002,21.0,20.51,21.59,29.675884,98.669998
2021-03-10,72.360001,18.436666,29.389999,56.540001,21.969999,20.85,22.34,30.04365,97.150002
2021-03-11,73.970001,18.9,28.969999,59.549999,22.469999,22.33,23.290001,30.109659,99.699997
2021-03-12,72.989998,18.446667,29.4,59.5,21.67,23.209999,23.17,30.071939,97.400002
2021-03-15,73.57,17.933332,28.370001,59.34,22.190001,23.620001,23.65,30.835762,96.82
2021-03-16,73.339996,17.483334,29.610001,58.0,22.360001,22.67,23.280001,30.750893,96.510002
2021-03-17,74.459999,17.65,29.559999,59.779999,22.65,22.950001,24.08,33.447842,97.900002
2021-03-18,72.970001,17.91,28.59,57.75,21.700001,22.299999,23.24,34.305965,96.160004
2021-03-19,72.830002,18.546665,28.280001,59.299999,22.139999,23.41,24.0,37.040634,94.779999
2021-03-22,72.330002,18.34,28.459999,57.84,22.209999,23.33,23.52,37.078354,93.209999
2021-03-23,73.43,18.056665,28.52,56.549999,21.99,23.540001,22.799999,37.219803,91.059998
2021-03-24,69.080002,17.93,28.700001,55.130001,21.440001,23.33,22.82,35.814747,93.150002
2021-03-25,69.830002,17.926666,28.549999,56.799999,21.76,23.66,23.200001,34.739738,92.440002
2021-03-26,70.5,18.003332,28.51,57.43,21.6,23.68,23.459999,34.362541,95.529999
2021-03-29,69.110001,17.866667,28.629999,57.549999,21.65,23.52,23.83,33.315826,97.980003
2021-03-30,70.800003,17.833332,28.32,59.799999,22.5,24.84,23.83,35.16,97.07
2021-03-31,70.349998,18.206667,27.629999,59.73,22.360001,24.49,24.1,34.169998,97.970001
2021-04-01,69.910004,17.870001,28.049999,60.040001,22.4,24.190001,23.889999,33.389999,97.389999
2021-04-05,71.029999,18.106667,28.08,61.529999,22.84,24.549999,24.040001,33.490002,103.389999
2021-04-06,72.989998,18.356667,28.6,62.360001,22.700001,24.27,24.02,34.919998,102.050003
2021-04-07,71.699997,18.316666,28.83,62.400002,22.190001,23.99,24.0,34.77,104.559998
2021-04-08,73.129997,18.616667,29.18,63.599998,22.389999,23.379999,23.700001,34.27,104.5
2021-04-09,74.489998,18.406666,29.440001,62.990002,21.91,23.700001,23.65,34.18,103.0
2021-04-12,74.379997,18.59,29.950001,62.98,22.02,23.530001,23.889999,33.759998,103.400002
2021-04-13,74.389999,18.433332,29.959999,63.200001,24.07,23.799999,23.969999,33.759998,103.580002
2021-04-14,74.709999,18.343332,29.700001,63.650002,23.309999,23.280001,24.35,32.599998,107.0
2021-04-15,80.949997,18.186666,30.049999,63.599998,23.26,23.719999,23.09,31.959999,108.209999
2021-04-16,79.580002,18.466665,29.530001,64.18,23.6,23.85,22.950001,32.279999,108.669998
2021-04-19,78.559998,18.120001,29.84,62.439999,23.35,23.92,24.280001,32.5,107.730003
2021-04-20,78.830002,17.906666,30.09,61.779999,22.85,23.93,23.82,32.650002,106.160004
2021-04-22,78.919998,17.783333,29.299999,60.869999,22.120001,23.1,23.709999,32.130001,106.230003
2021-04-23,79.5,17.906666,29.129999,61.700001,22.799999,23.57,23.690001,33.240002,107.989998
2021-04-26,76.910004,17.67,28.969999,61.919998,22.35,24.0,23.780001,33.400002,108.57
2021-04-27,76.470001,17.65,29.280001,61.040001,21.83,23.629999,23.1,32.650002,110.120003
2021-04-28,76.82,17.866667,28.200001,63.119999,22.629999,23.950001,23.940001,32.91,111.919998
2021-04-29,76.169998,17.516666,28.200001,63.369999,21.459999,23.43,23.620001,33.389999,111.949997
2021-04-30,75.650002,17.166666,27.879999,64.300003,20.860001,23.030001,23.620001,32.560001,109.019997
2021-05-03,75.620003,17.163334,27.530001,64.110001,20.950001,24.0,23.43,33.150002,108.459999
2021-05-04,76.0,16.889999,27.379999,62.740002,21.0,23.65,22.889999,32.919998,110.099998
2021-05-05,79.449997,17.166666,27.889999,61.599998,20.91,23.67,23.83,33.950001,110.709999
2021-05-06,80.0,16.933332,27.85,61.77,20.450001,23.809999,23.5,33.830002,115.050003
2021-05-07,81.089996,17.780001,27.9,63.209999,20.5,24.82,24.379999,34.59,115.449997
2021-05-10,81.68,17.766666,28.02,62.950001,19.690001,25.040001,24.700001,33.91,114.690002
2021-05-11,82.0,17.616667,28.299999,62.84,19.6,24.83,25.15,34.580002,118.720001
2021-05-12,80.400002,17.166666,27.690001,58.299999,19.34,23.27,24.780001,33.0,114.330002
2021-05-13,81.18,17.25,27.299999,58.790001,19.43,23.700001,24.99,33.07,112.489998
2021-05-14,83.839996,17.85,26.9,58.790001,19.440001,24.209999,26.299999,33.240002,110.559998
2021-05-17,85.459999,17.58,26.959999,59.919998,19.540001,24.6,26.66,32.82,113.459999
2021-05-18,85.0,17.299999,26.75,61.0,19.52,24.42,26.35,31.99,114.599998
2021-05-19,84.800003,17.219999,26.799999,59.759998,19.059999,24.57,26.15,31.799999,112.25
2021-05-20,84.709999,17.25,26.16,62.470001,18.82,25.110001,25.93,32.02,111.110001
2021-05-21,84.839996,17.35,26.0,62.880001,18.459999,24.52,25.950001,31.629999,109.400002
2021-05-24,85.760002,17.450001,26.07,64.25,19.48,24.620001,26.389999,32.0,109.779999
2021-05-25,85.82,17.0,25.98,63.200001,19.700001,24.98,25.84,32.09,107.050003
2021-05-26,86.099998,17.1,25.959999,63.400002,19.299999,25.219999,26.09,32.799999,110.199997
2021-05-27,87.510002,16.98,26.780001,61.740002,19.379999,25.379999,25.91,33.900002,110.989998
2021-05-28,89.029999,17.48,26.190001,61.939999,20.049999,25.59,26.99,34.68,111.589996
2021-05-31,88.629997,17.540001,26.35,62.650002,19.889999,25.66,26.870001,34.700001,114.779999
2021-06-01,88.300003,17.700001,25.790001,64.160004,21.4,25.959999,27.290001,34.959999,113.199997
2021-06-02,87.349998,17.01,25.33,64.730003,21.32,26.25,27.870001,33.709999,114.800003
2021-06-04,85.800003,17.24,25.32,66.650002,21.15,27.51,28.5,33.73,112.900002
2021-06-07,85.510002,17.290001,25.99,67.0,21.809999,27.74,28.290001,33.82,111.800003
2021-06-08,87.599998,16.33,25.26,66.720001,22.18,27.18,28.66,33.580002,109.919998
2021-06-09,88.360001,16.4,25.68,65.540001,22.299999,26.42,28.66,33.900002,112.199997
2021-06-10,88.110001,16.0,25.799999,65.400002,22.530001,26.559999,28.68,34.450001,111.830002
2021-06-11,88.199997,16.129999,26.0,64.040001,22.360001,25.75,28.57,33.869999,114.339996
2021-06-14,92.190002,16.32,25.65,64.559998,22.67,26.629999,28.75,33.700001,113.720001
2021-06-15,91.349998,16.67,25.6,64.400002,22.74,26.26,29.030001,35.330002,111.5
2021-06-16,91.379997,16.91,25.389999,64.120003,22.280001,25.940001,29.139999,36.470001,108.150002
2021-06-17,92.629997,17.17,25.25,62.580002,22.139999,25.68,28.129999,36.189999,105.900002
2021-06-18,94.269997,17.379999,25.67,62.810001,21.75,25.76,28.32,36.0,109.089996
2021-06-21,95.93,17.07,26.15,63.220001,22.1,25.99,28.950001,36.029999,110.110001
2021-06-22,95.0,16.99,26.299999,63.0,21.76,25.299999,29.1,35.950001,111.400002
2021-06-23,93.709999,17.02,25.85,64.0,21.42,25.049999,29.299999,35.52,113.07
2021-06-24,94.300003,16.99,26.370001,64.5,22.379999,25.18,29.65,35.990002,111.029999
2021-06-25,92.790001,16.690001,25.860001,63.599998,21.940001,24.040001,29.1,34.599998,112.400002
2021-06-28,94.949997,16.99,26.360001,64.25,22.35,23.719999,29.049999,35.040001,110.599998
2021-06-29,95.080002,17.040001,26.389999,64.529999,22.219999,23.07,29.18,35.419998,112.510002
2021-06-30,94.5,16.82,26.34,64.0,21.58,23.5,29.43,34.66,113.25
2021-07-01,93.510002,16.32,26.49,62.5,21.09,22.77,29.059999,34.23,111.279999
2021-07-02,95.419998,16.42,26.709999,64.459999,21.370001,23.15,29.18,34.110001,113.580002
2021-07-05,96.050003,16.110001,26.93,64.110001,21.110001,23.4,28.85,33.599998,113.169998
2021-07-06,95.809998,15.92,26.690001,62.939999,8.494258,22.9,27.67,33.139999,113.769997
2021-07-07,96.470001,16.27,27.23,66.349998,8.581272,23.030001,28.049999,33.689999,114.099998
2021-07-08,96.040001,16.15,27.0,65.510002,8.523262,23.059999,27.49,32.369999,113.660004
2021-07-12,96.620003,16.709999,27.15,66.110001,8.668286,23.799999,27.73,33.200001,115.07
2021-07-13,97.129997,16.950001,27.09,66.169998,8.846459,24.48,27.9,33.740002,115.75
2021-07-14,99.459999,17.120001,26.700001,68.580002,8.747014,24.940001,27.67,33.880001,115.120003
2021-07-15,100.809998,17.0,26.290001,68.709999,8.531549,24.450001,27.08,32.93,115.480003
2021-07-16,99.57,16.59,26.0,67.699997,8.659999,24.17,26.68,32.220001,113.400002
2021-07-19,98.160004,16.41,25.68,67.25,7.9,23.9,26.24,31.940001,112.160004
2021-07-20,97.230003,16.42,26.0,67.5,8.33,24.35,26.59,32.27,113.099998
2021-07-21,96.809998,16.35,25.59,66.809998,7.9,24.26,26.959999,32.029999,114.400002
2021-07-22,98.120003,16.5,25.77,68.300003,7.84,24.27,26.9,31.719999,114.699997
2021-07-23,97.730003,16.35,25.65,68.32,7.82,23.709999,26.74,31.66,114.120003
2021-07-26,96.269997,16.41,25.93,68.019997,7.62,23.629999,27.469999,31.709999,116.599998
2021-07-27,93.860001,16.1,25.42,66.809998,7.46,22.959999,27.15,30.950001,114.18
2021-07-28,93.339996,15.84,25.33,66.139999,7.47,22.93,27.709999,31.110001,117.300003
2021-07-29,92.550003,15.81,25.190001,67.089996,7.4,24.16,27.809999,30.790001,115.57
2021-07-30,90.519997,15.25,24.610001,62.150002,7.09,23.35,26.91,30.09,108.760002
2021-08-02,92.080002,15.62,24.4,61.169998,7.27,24.02,26.41,30.690001,108.93
2021-08-03,92.029999,16.01,24.49,61.110001,7.03,23.799999,26.85,29.799999,112.639999
2021-08-04,91.790001,15.94,25.0,59.16,6.84,23.51,26.280001,29.030001,112.519997
2021-08-05,92.0,15.71,24.700001,58.5,6.72,23.23,28.35,28.98,109.080002
2021-08-06,93.599998,15.9,24.440001,58.25,6.72,23.200001,28.389999,29.15,109.699997
2021-08-09,92.900002,15.77,25.110001,58.599998,6.6,23.559999,28.190001,29.07,109.010002
2021-08-10,92.099998,15.51,25.08,57.43,6.42,23.09,28.280001,28.5,110.059998
2021-08-11,91.980003,15.05,24.93,57.389999,6.45,23.01,28.67,28.23,109.269997
2021-08-12,92.779999,13.89,24.639999,58.07,6.57,22.559999,29.1,29.02,109.199997
2021-08-13,91.440002,14.64,25.209999,57.450001,5.97,22.48,29.35,29.68,108.300003
2021-08-16,89.699997,13.98,25.33,56.099998,5.63,22.09,28.639999,29.0,108.800003
2021-08-17,87.580002,13.82,25.190001,54.599998,5.41,21.59,27.030001,28.4,107.0
2021-08-18,87.800003,13.54,24.219999,55.209999,5.41,21.32,26.790001,28.200001,103.410004
2021-08-19,89.199997,14.18,23.9,58.139999,5.61,21.51,26.639999,28.5,97.510002
2021-08-20,90.400002,14.2,24.610001,58.73,5.59,21.700001,26.6,29.65,97.550003
2021-08-23,90.25,13.65,25.17,56.43,5.25,21.26,27.02,29.32,96.199997
2021-08-24,91.739998,13.9,25.67,57.049999,5.87,21.93,27.58,30.26,99.709999
2021-08-25,92.629997,13.99,26.67,57.529999,5.81,21.799999,27.73,30.0,99.5
2021-08-26,91.32,13.66,26.370001,55.959999,5.95,21.07,27.49,29.280001,98.230003
2021-08-27,92.389999,13.94,26.719999,58.299999,5.95,21.48,28.49,29.58,100.690002
